<?xml version="1.0" encoding="UTF-8"?>

<music-catalog>
	<header>
		<date>Thu Mar 02 19:45:28 EST 2017</date>
		<customer number="3035">Harvey Spector</customer>
	</header>
	<album-list>
		<album>
			<title>Soulsville</title>
			<artist>Jorn Hoel</artist>
			<country>Norway</country>
			<company>WEA</company>
			<price>7.90</price>
			<year>1996</year>
		</album>
		<album>
			<title>The very best of</title>
			<artist>Cat Stevens</artist>
			<country>UK</country>
			<company>Island</company>
			<price>8.90</price>
			<year>1990</year>
		</album>
		<album>
			<title>Stop</title>
			<artist>Sam Brown</artist>
			<country>UK</country>
			<company>A and M</company>
			<price>8.90</price>
			<year>1988</year>
		</album>
	</album-list>
</music-catalog>