<?xml version="1.0" encoding="UTF-8"?>

<smooks-resource-list xmlns="http://www.milyn.org/xsd/smooks-1.1.xsd"
       xmlns:jb="http://www.milyn.org/xsd/smooks/javabean-1.2.xsd">
 
    <jb:bean beanId="catalog" class="com.tm.smooks.MusicCatalog" createOnElement="music-catalog">
        <jb:wiring property="header" beanIdRef="header" />
        <jb:wiring property="albumList" beanIdRef="albumList" />
    </jb:bean>
 
    <jb:bean beanId="header" class="com.tm.smooks.Header" createOnElement="header">
        <jb:value property="date" decoder="String" data="header/date"/> 
        <jb:value property="customerNumber" decoder="Long" data="header/customer/@number" />
        <jb:value property="customerName" data="header/customer" />
    </jb:bean>    
 
    <jb:bean beanId="albumList" class="java.util.ArrayList" createOnElement="music-catalog">
        <jb:wiring beanIdRef="album" />
    </jb:bean>  
 
    <jb:bean beanId="album" class="com.tm.smooks.Album" createOnElement="album">
        <jb:value property="albumTitle" decoder="String" data="album/title" />
        <jb:value property="artist" decoder="String" data="album/artist" />
        <jb:value property="country" decoder="String" data="album/country" />
        <jb:value property="company" decoder="String" data="album/company" />
        <jb:value property="albumPrice" decoder="Double" data="album/price" />
        <jb:value property="releaseYear" decoder="Integer" data="album/year" />
    </jb:bean>
 
</smooks-resource-list>